<?xml version="1.0" encoding="UTF-8"?>
<configuration>
    <property name="LOG_PATH" value="./log/application"/>
    <!-- 콘솔 로그 출력 -->
    <appender name="TEXT_CONSOLE" class="ch.qos.logback.core.ConsoleAppender">
        <encoder>
            <charset>UTF-8</charset> <Pattern>%d %-4relative [%thread] %-5level %logger{35} - %msg%n</Pattern>
        </encoder>
    </appender>

    <!-- Logstash JSON 형식으로 파일 로그 생성 -->
    <!-- ./log/applicaion/log.json 파일에 최신 로그 생성 -->
    <!-- 5MB 초과, 날짜 변경 시점마다 생성, 생성된지 3일 이상된 파일은 삭제 -->
    <appender name="JSON_FILE" class="ch.qos.logback.core.rolling.RollingFileAppender">
        <File>${LOG_PATH}/log.json</File>
        <encoder class="net.logstash.logback.encoder.LogstashEncoder">
            <jsonGeneratorDecorator class="com.example.sbvue.common.PrettyPrintingDecorator"/>
            <jsonFactoryDecorator class="com.example.sbvue.common.ISO8601DateDecorator"/>
        </encoder>
        <rollingPolicy class="ch.qos.logback.core.rolling.TimeBasedRollingPolicy">
            <FileNamePattern>${LOG_PATH}/log_%d{yyyy-MM-dd}.%i.json</FileNamePattern>
            <timeBasedFileNamingAndTriggeringPolicy class="ch.qos.logback.core.rolling.SizeAndTimeBasedFNATP">
                <maxFileSize>5MB</maxFileSize>
            </timeBasedFileNamingAndTriggeringPolicy>
            <maxHistory>3</maxHistory>
        </rollingPolicy>
    </appender>

    <!--<appender name="JSON_UDP" class="net.logstash.logback.appender.LogstashSocketAppender">-->
        <!--<syslogHost>127.0.0.1</syslogHost>-->
        <!--<port>514</port>-->
        <!--&lt;!&ndash; 기본적으로 생성되는 필드명을 변경할 수 있다. &ndash;&gt;-->
        <!--<fieldNames>-->
            <!--&lt;!&ndash; @timestamp 필드명으로 기본 생성되는 로그 생성 일시를 created_datetime 필드명으로 출력되도록 변경한다. &ndash;&gt;-->
            <!--<timestamp>created_datetime</timestamp>-->
        <!--</fieldNames>-->
        <!--&lt;!&ndash; 로그 앞에 서버 식별 목적의 임의의 접두어를 추가할 수 있다. &ndash;&gt;-->
        <!--<prefix class="ch.qos.logback.classic.PatternLayout">-->
            <!--<pattern>sbtest04:</pattern>-->
        <!--</prefix>-->
    <!--</appender>-->

    <appender name="JSON_TCP" class="net.logstash.logback.appender.LogstashTcpSocketAppender">
        <destination>elk:4560</destination>
        <encoder class="net.logstash.logback.encoder.LogstashEncoder">
            <customFields>{"service_name":"SpringBootLogger"}</customFields>
            <fieldNames>
                <message>log_message</message>
            </fieldNames>
        </encoder>
        <keepAliveDuration>5 minutes</keepAliveDuration>
    </appender>

    <!-- INFO 레벨 이하 로그를 콘솔 및 파일로 출력 -->
    <root level="INFO">
        <appender-ref ref="TEXT_CONSOLE"/>
        <appender-ref ref="JSON_FILE"/>
        <appender-ref ref="JSON_TCP"/>
    </root>

</configuration>
