{"@timestamp":"2019-02-19T14:21:16.433+09:00","@version":"1","message":"Starting SBVueApplication on wolfeyesui-MacBook-Pro.local with PID 11832 (/Users/heehun.kang/Projects/example-projects/sbtest04/target/classes started by heehun.kang in /Users/heehun.kang/Projects/example-projects/sbtest04)","logger_name":"com.example.sbvue.SBVueApplication","thread_name":"main","level":"INFO","level_value":20000}
{"@timestamp":"2019-02-19T14:21:16.442+09:00","@version":"1","message":"No active profile set, falling back to default profiles: default","logger_name":"com.example.sbvue.SBVueApplication","thread_name":"main","level":"INFO","level_value":20000}
{"@timestamp":"2019-02-19T14:21:16.935+09:00","@version":"1","message":"Bootstrapping Spring Data repositories in DEFAULT mode.","logger_name":"org.springframework.data.repository.config.RepositoryConfigurationDelegate","thread_name":"main","level":"INFO","level_value":20000}
{"@timestamp":"2019-02-19T14:21:16.974+09:00","@version":"1","message":"Finished Spring Data repository scanning in 35ms. Found 1 repository interfaces.","logger_name":"org.springframework.data.repository.config.RepositoryConfigurationDelegate","thread_name":"main","level":"INFO","level_value":20000}
{"@timestamp":"2019-02-19T14:21:17.180+09:00","@version":"1","message":"Bean 'org.springframework.transaction.annotation.ProxyTransactionManagementConfiguration' of type [org.springframework.transaction.annotation.ProxyTransactionManagementConfiguration$$EnhancerBySpringCGLIB$$de905590] is not eligible for getting processed by all BeanPostProcessors (for example: not eligible for auto-proxying)","logger_name":"org.springframework.context.support.PostProcessorRegistrationDelegate$BeanPostProcessorChecker","thread_name":"main","level":"INFO","level_value":20000}
{"@timestamp":"2019-02-19T14:21:17.473+09:00","@version":"1","message":"Tomcat initialized with port(s): 8080 (http)","logger_name":"org.springframework.boot.web.embedded.tomcat.TomcatWebServer","thread_name":"main","level":"INFO","level_value":20000}
{"@timestamp":"2019-02-19T14:21:17.482+09:00","@version":"1","message":"Initializing ProtocolHandler [\"http-nio-8080\"]","logger_name":"org.apache.coyote.http11.Http11NioProtocol","thread_name":"main","level":"INFO","level_value":20000}
{"@timestamp":"2019-02-19T14:21:17.488+09:00","@version":"1","message":"Starting service [Tomcat]","logger_name":"org.apache.catalina.core.StandardService","thread_name":"main","level":"INFO","level_value":20000}
{"@timestamp":"2019-02-19T14:21:17.488+09:00","@version":"1","message":"Starting Servlet engine: [Apache Tomcat/9.0.14]","logger_name":"org.apache.catalina.core.StandardEngine","thread_name":"main","level":"INFO","level_value":20000}
{"@timestamp":"2019-02-19T14:21:17.493+09:00","@version":"1","message":"The APR based Apache Tomcat Native library which allows optimal performance in production environments was not found on the java.library.path: [/Users/heehun.kang/Library/Java/Extensions:/Library/Java/Extensions:/Network/Library/Java/Extensions:/System/Library/Java/Extensions:/usr/lib/java:.]","logger_name":"org.apache.catalina.core.AprLifecycleListener","thread_name":"main","level":"INFO","level_value":20000}
{"@timestamp":"2019-02-19T14:21:17.552+09:00","@version":"1","message":"Initializing Spring embedded WebApplicationContext","logger_name":"org.apache.catalina.core.ContainerBase.[Tomcat].[localhost].[/]","thread_name":"main","level":"INFO","level_value":20000}
{"@timestamp":"2019-02-19T14:21:17.552+09:00","@version":"1","message":"Root WebApplicationContext: initialization completed in 1078 ms","logger_name":"org.springframework.web.context.ContextLoader","thread_name":"main","level":"INFO","level_value":20000}
{"@timestamp":"2019-02-19T14:21:17.671+09:00","@version":"1","message":"HikariPool-1 - Starting...","logger_name":"com.zaxxer.hikari.HikariDataSource","thread_name":"main","level":"INFO","level_value":20000}
{"@timestamp":"2019-02-19T14:21:17.783+09:00","@version":"1","message":"HikariPool-1 - Start completed.","logger_name":"com.zaxxer.hikari.HikariDataSource","thread_name":"main","level":"INFO","level_value":20000}
{"@timestamp":"2019-02-19T14:21:17.818+09:00","@version":"1","message":"HHH000204: Processing PersistenceUnitInfo [\n\tname: default\n\t...]","logger_name":"org.hibernate.jpa.internal.util.LogHelper","thread_name":"main","level":"INFO","level_value":20000}
{"@timestamp":"2019-02-19T14:21:17.854+09:00","@version":"1","message":"HHH000412: Hibernate Core {5.3.7.Final}","logger_name":"org.hibernate.Version","thread_name":"main","level":"INFO","level_value":20000}
{"@timestamp":"2019-02-19T14:21:17.855+09:00","@version":"1","message":"HHH000206: hibernate.properties not found","logger_name":"org.hibernate.cfg.Environment","thread_name":"main","level":"INFO","level_value":20000}
{"@timestamp":"2019-02-19T14:21:17.923+09:00","@version":"1","message":"HCANN000001: Hibernate Commons Annotations {5.0.4.Final}","logger_name":"org.hibernate.annotations.common.Version","thread_name":"main","level":"INFO","level_value":20000}
{"@timestamp":"2019-02-19T14:21:17.995+09:00","@version":"1","message":"HHH000400: Using dialect: org.hibernate.dialect.H2Dialect","logger_name":"org.hibernate.dialect.Dialect","thread_name":"main","level":"INFO","level_value":20000}
{"@timestamp":"2019-02-19T14:21:18.341+09:00","@version":"1","message":"HHH000476: Executing import script 'org.hibernate.tool.schema.internal.exec.ScriptSourceInputNonExistentImpl@611e5819'","logger_name":"org.hibernate.tool.schema.internal.SchemaCreatorImpl","thread_name":"main","level":"INFO","level_value":20000}
{"@timestamp":"2019-02-19T14:21:18.343+09:00","@version":"1","message":"Initialized JPA EntityManagerFactory for persistence unit 'default'","logger_name":"org.springframework.orm.jpa.LocalContainerEntityManagerFactoryBean","thread_name":"main","level":"INFO","level_value":20000}
{"@timestamp":"2019-02-19T14:21:18.756+09:00","@version":"1","message":"Initializing ExecutorService 'applicationTaskExecutor'","logger_name":"org.springframework.scheduling.concurrent.ThreadPoolTaskExecutor","thread_name":"main","level":"INFO","level_value":20000}
{"@timestamp":"2019-02-19T14:21:18.787+09:00","@version":"1","message":"spring.jpa.open-in-view is enabled by default. Therefore, database queries may be performed during view rendering. Explicitly configure spring.jpa.open-in-view to disable this warning","logger_name":"org.springframework.boot.autoconfigure.orm.jpa.JpaBaseConfiguration$JpaWebConfiguration$JpaWebMvcConfiguration","thread_name":"main","level":"WARN","level_value":30000}
{"@timestamp":"2019-02-19T14:21:18.846+09:00","@version":"1","message":"Adding welcome page: class path resource [static/index.html]","logger_name":"org.springframework.boot.autoconfigure.web.servlet.WelcomePageHandlerMapping","thread_name":"main","level":"INFO","level_value":20000}
{"@timestamp":"2019-02-19T14:21:18.929+09:00","@version":"1","message":"Starting ProtocolHandler [\"http-nio-8080\"]","logger_name":"org.apache.coyote.http11.Http11NioProtocol","thread_name":"main","level":"INFO","level_value":20000}
{"@timestamp":"2019-02-19T14:21:18.958+09:00","@version":"1","message":"Tomcat started on port(s): 8080 (http) with context path ''","logger_name":"org.springframework.boot.web.embedded.tomcat.TomcatWebServer","thread_name":"main","level":"INFO","level_value":20000}
{"@timestamp":"2019-02-19T14:21:18.960+09:00","@version":"1","message":"Started SBVueApplication in 2.959 seconds (JVM running for 3.392)","logger_name":"com.example.sbvue.SBVueApplication","thread_name":"main","level":"INFO","level_value":20000}
{"@timestamp":"2019-02-19T14:26:21.789+09:00","@version":"1","message":"Initializing Spring DispatcherServlet 'dispatcherServlet'","logger_name":"org.apache.catalina.core.ContainerBase.[Tomcat].[localhost].[/]","thread_name":"http-nio-8080-exec-1","level":"INFO","level_value":20000}
{"@timestamp":"2019-02-19T14:26:21.791+09:00","@version":"1","message":"Initializing Servlet 'dispatcherServlet'","logger_name":"org.springframework.web.servlet.DispatcherServlet","thread_name":"http-nio-8080-exec-1","level":"INFO","level_value":20000}
{"@timestamp":"2019-02-19T14:26:21.812+09:00","@version":"1","message":"Completed initialization in 20 ms","logger_name":"org.springframework.web.servlet.DispatcherServlet","thread_name":"http-nio-8080-exec-1","level":"INFO","level_value":20000}
{"@timestamp":"2019-02-19T14:26:21.843+09:00","@version":"1","message":"=============== onArround::Start...com.example.sbvue.product.ProductController / getProducts","logger_name":"com.example.sbvue.common.TestAspect","thread_name":"http-nio-8080-exec-1","level":"INFO","level_value":20000}
{"@timestamp":"2019-02-19T14:26:21.844+09:00","@version":"1","message":"=============== onBeforeHandler","logger_name":"com.example.sbvue.common.TestAspect","thread_name":"http-nio-8080-exec-1","level":"INFO","level_value":20000}
{"@timestamp":"2019-02-19T14:26:21.884+09:00","@version":"1","message":"HHH000397: Using ASTQueryTranslatorFactory","logger_name":"org.hibernate.hql.internal.QueryTranslatorFactoryInitiator","thread_name":"http-nio-8080-exec-1","level":"INFO","level_value":20000}
{"@timestamp":"2019-02-19T14:26:22.029+09:00","@version":"1","message":"=============== onArround::End...com.example.sbvue.product.ProductController / getProducts","logger_name":"com.example.sbvue.common.TestAspect","thread_name":"http-nio-8080-exec-1","level":"INFO","level_value":20000}
{"@timestamp":"2019-02-19T14:26:22.030+09:00","@version":"1","message":"=============== onAfterHandler","logger_name":"com.example.sbvue.common.TestAspect","thread_name":"http-nio-8080-exec-1","level":"INFO","level_value":20000}
{"@timestamp":"2019-02-19T14:26:22.030+09:00","@version":"1","message":"=============== onAfterReturning : [Product(id=1, title=iPad Mini, price=500.5, inventory=10), Product(id=2, title=iPad Pro, price=1000.8, inventory=5), Product(id=3, title=MacBook Pro, price=2100.3, inventory=2)]","logger_name":"com.example.sbvue.common.TestAspect","thread_name":"http-nio-8080-exec-1","level":"INFO","level_value":20000}
{"@timestamp":"2019-02-19T14:59:26.189+09:00","@version":"1","message":"Shutting down ExecutorService 'applicationTaskExecutor'","logger_name":"org.springframework.scheduling.concurrent.ThreadPoolTaskExecutor","thread_name":"Thread-8","level":"INFO","level_value":20000}
{"@timestamp":"2019-02-19T14:59:26.190+09:00","@version":"1","message":"Closing JPA EntityManagerFactory for persistence unit 'default'","logger_name":"org.springframework.orm.jpa.LocalContainerEntityManagerFactoryBean","thread_name":"Thread-8","level":"INFO","level_value":20000}
{"@timestamp":"2019-02-19T14:59:26.191+09:00","@version":"1","message":"HHH000477: Starting delayed evictData of schema as part of SessionFactory shut-down'","logger_name":"org.hibernate.tool.schema.internal.SchemaDropperImpl$DelayedDropActionImpl","thread_name":"Thread-8","level":"INFO","level_value":20000}
{"@timestamp":"2019-02-19T14:59:26.196+09:00","@version":"1","message":"HikariPool-1 - Shutdown initiated...","logger_name":"com.zaxxer.hikari.HikariDataSource","thread_name":"Thread-8","level":"INFO","level_value":20000}
{"@timestamp":"2019-02-19T14:59:26.199+09:00","@version":"1","message":"HikariPool-1 - Shutdown completed.","logger_name":"com.zaxxer.hikari.HikariDataSource","thread_name":"Thread-8","level":"INFO","level_value":20000}
{"@timestamp":"2019-02-19T14:59:48.631+09:00","@version":"1","message":"Application run failed","logger_name":"org.springframework.boot.SpringApplication","thread_name":"main","level":"ERROR","level_value":40000,"stack_trace":"java.lang.IllegalStateException: Logback configuration error detected: \nERROR in ch.qos.logback.core.joran.action.NestedComplexPropertyIA - Could not create component [jsonGeneratorDecorator] of type [JsonGeneratorDecorator] java.lang.ClassNotFoundException: JsonGeneratorDecorator\nERROR in ch.qos.logback.core.joran.action.NestedComplexPropertyIA - Could not create component [jsonFactoryDecorator] of type [JsonFactoryDecorator] java.lang.ClassNotFoundException: JsonFactoryDecorator\n\tat org.springframework.boot.logging.logback.LogbackLoggingSystem.loadConfiguration(LogbackLoggingSystem.java:169)\n\tat org.springframework.boot.logging.AbstractLoggingSystem.initializeWithConventions(AbstractLoggingSystem.java:82)\n\tat org.springframework.boot.logging.AbstractLoggingSystem.initialize(AbstractLoggingSystem.java:60)\n\tat org.springframework.boot.logging.logback.LogbackLoggingSystem.initialize(LogbackLoggingSystem.java:117)\n\tat org.springframework.boot.context.logging.LoggingApplicationListener.initializeSystem(LoggingApplicationListener.java:293)\n\tat org.springframework.boot.context.logging.LoggingApplicationListener.initialize(LoggingApplicationListener.java:266)\n\tat org.springframework.boot.context.logging.LoggingApplicationListener.onApplicationEnvironmentPreparedEvent(LoggingApplicationListener.java:229)\n\tat org.springframework.boot.context.logging.LoggingApplicationListener.onApplicationEvent(LoggingApplicationListener.java:202)\n\tat org.springframework.context.event.SimpleApplicationEventMulticaster.doInvokeListener(SimpleApplicationEventMulticaster.java:172)\n\tat org.springframework.context.event.SimpleApplicationEventMulticaster.invokeListener(SimpleApplicationEventMulticaster.java:165)\n\tat org.springframework.context.event.SimpleApplicationEventMulticaster.multicastEvent(SimpleApplicationEventMulticaster.java:139)\n\tat org.springframework.context.event.SimpleApplicationEventMulticaster.multicastEvent(SimpleApplicationEventMulticaster.java:127)\n\tat org.springframework.boot.context.event.EventPublishingRunListener.environmentPrepared(EventPublishingRunListener.java:75)\n\tat org.springframework.boot.SpringApplicationRunListeners.environmentPrepared(SpringApplicationRunListeners.java:54)\n\tat org.springframework.boot.SpringApplication.prepareEnvironment(SpringApplication.java:347)\n\tat org.springframework.boot.SpringApplication.run(SpringApplication.java:306)\n\tat org.springframework.boot.SpringApplication.run(SpringApplication.java:1260)\n\tat org.springframework.boot.SpringApplication.run(SpringApplication.java:1248)\n\tat com.example.sbvue.SBVueApplication.main(SBVueApplication.java:61)\n"}
{"@timestamp":"2019-02-19T15:00:41.879+09:00","@version":"1","message":"Application run failed","logger_name":"org.springframework.boot.SpringApplication","thread_name":"main","level":"ERROR","level_value":40000,"stack_trace":"java.lang.IllegalStateException: Logback configuration error detected: \nERROR in ch.qos.logback.core.joran.action.NestedComplexPropertyIA - Could not create component [jsonGeneratorDecorator] of type [com.example.sbvue.JsonGeneratorDecorator] java.lang.ClassNotFoundException: com.example.sbvue.JsonGeneratorDecorator\nERROR in ch.qos.logback.core.joran.action.NestedComplexPropertyIA - Could not create component [jsonFactoryDecorator] of type [com.example.sbvue.JsonFactoryDecorator] java.lang.ClassNotFoundException: com.example.sbvue.JsonFactoryDecorator\n\tat org.springframework.boot.logging.logback.LogbackLoggingSystem.loadConfiguration(LogbackLoggingSystem.java:169)\n\tat org.springframework.boot.logging.AbstractLoggingSystem.initializeWithConventions(AbstractLoggingSystem.java:82)\n\tat org.springframework.boot.logging.AbstractLoggingSystem.initialize(AbstractLoggingSystem.java:60)\n\tat org.springframework.boot.logging.logback.LogbackLoggingSystem.initialize(LogbackLoggingSystem.java:117)\n\tat org.springframework.boot.context.logging.LoggingApplicationListener.initializeSystem(LoggingApplicationListener.java:293)\n\tat org.springframework.boot.context.logging.LoggingApplicationListener.initialize(LoggingApplicationListener.java:266)\n\tat org.springframework.boot.context.logging.LoggingApplicationListener.onApplicationEnvironmentPreparedEvent(LoggingApplicationListener.java:229)\n\tat org.springframework.boot.context.logging.LoggingApplicationListener.onApplicationEvent(LoggingApplicationListener.java:202)\n\tat org.springframework.context.event.SimpleApplicationEventMulticaster.doInvokeListener(SimpleApplicationEventMulticaster.java:172)\n\tat org.springframework.context.event.SimpleApplicationEventMulticaster.invokeListener(SimpleApplicationEventMulticaster.java:165)\n\tat org.springframework.context.event.SimpleApplicationEventMulticaster.multicastEvent(SimpleApplicationEventMulticaster.java:139)\n\tat org.springframework.context.event.SimpleApplicationEventMulticaster.multicastEvent(SimpleApplicationEventMulticaster.java:127)\n\tat org.springframework.boot.context.event.EventPublishingRunListener.environmentPrepared(EventPublishingRunListener.java:75)\n\tat org.springframework.boot.SpringApplicationRunListeners.environmentPrepared(SpringApplicationRunListeners.java:54)\n\tat org.springframework.boot.SpringApplication.prepareEnvironment(SpringApplication.java:347)\n\tat org.springframework.boot.SpringApplication.run(SpringApplication.java:306)\n\tat org.springframework.boot.SpringApplication.run(SpringApplication.java:1260)\n\tat org.springframework.boot.SpringApplication.run(SpringApplication.java:1248)\n\tat com.example.sbvue.SBVueApplication.main(SBVueApplication.java:61)\n"}
{"@timestamp":"2019-02-19T15:02:05.666+09:00","@version":"1","message":"Application run failed","logger_name":"org.springframework.boot.SpringApplication","thread_name":"main","level":"ERROR","level_value":40000,"stack_trace":"java.lang.IllegalStateException: Logback configuration error detected: \nERROR in ch.qos.logback.core.joran.action.NestedComplexPropertyIA - Could not find an appropriate class for property [jsonGeneratorDecorator]\nERROR in ch.qos.logback.core.joran.action.NestedComplexPropertyIA - Could not find an appropriate class for property [jsonFactoryDecorator]\n\tat org.springframework.boot.logging.logback.LogbackLoggingSystem.loadConfiguration(LogbackLoggingSystem.java:169)\n\tat org.springframework.boot.logging.AbstractLoggingSystem.initializeWithConventions(AbstractLoggingSystem.java:82)\n\tat org.springframework.boot.logging.AbstractLoggingSystem.initialize(AbstractLoggingSystem.java:60)\n\tat org.springframework.boot.logging.logback.LogbackLoggingSystem.initialize(LogbackLoggingSystem.java:117)\n\tat org.springframework.boot.context.logging.LoggingApplicationListener.initializeSystem(LoggingApplicationListener.java:293)\n\tat org.springframework.boot.context.logging.LoggingApplicationListener.initialize(LoggingApplicationListener.java:266)\n\tat org.springframework.boot.context.logging.LoggingApplicationListener.onApplicationEnvironmentPreparedEvent(LoggingApplicationListener.java:229)\n\tat org.springframework.boot.context.logging.LoggingApplicationListener.onApplicationEvent(LoggingApplicationListener.java:202)\n\tat org.springframework.context.event.SimpleApplicationEventMulticaster.doInvokeListener(SimpleApplicationEventMulticaster.java:172)\n\tat org.springframework.context.event.SimpleApplicationEventMulticaster.invokeListener(SimpleApplicationEventMulticaster.java:165)\n\tat org.springframework.context.event.SimpleApplicationEventMulticaster.multicastEvent(SimpleApplicationEventMulticaster.java:139)\n\tat org.springframework.context.event.SimpleApplicationEventMulticaster.multicastEvent(SimpleApplicationEventMulticaster.java:127)\n\tat org.springframework.boot.context.event.EventPublishingRunListener.environmentPrepared(EventPublishingRunListener.java:75)\n\tat org.springframework.boot.SpringApplicationRunListeners.environmentPrepared(SpringApplicationRunListeners.java:54)\n\tat org.springframework.boot.SpringApplication.prepareEnvironment(SpringApplication.java:347)\n\tat org.springframework.boot.SpringApplication.run(SpringApplication.java:306)\n\tat org.springframework.boot.SpringApplication.run(SpringApplication.java:1260)\n\tat org.springframework.boot.SpringApplication.run(SpringApplication.java:1248)\n\tat com.example.sbvue.SBVueApplication.main(SBVueApplication.java:61)\n"}
{"@timestamp":"2019-02-19T15:02:54.451+09:00","@version":"1","message":"Application run failed","logger_name":"org.springframework.boot.SpringApplication","thread_name":"main","level":"ERROR","level_value":40000,"stack_trace":"java.lang.IllegalStateException: Logback configuration error detected: \nERROR in ch.qos.logback.core.joran.action.NestedComplexPropertyIA - Could not find an appropriate class for property [jsonGeneratorDecorator]\nERROR in ch.qos.logback.core.joran.action.NestedComplexPropertyIA - Could not find an appropriate class for property [jsonFactoryDecorator]\n\tat org.springframework.boot.logging.logback.LogbackLoggingSystem.loadConfiguration(LogbackLoggingSystem.java:169)\n\tat org.springframework.boot.logging.AbstractLoggingSystem.initializeWithConventions(AbstractLoggingSystem.java:82)\n\tat org.springframework.boot.logging.AbstractLoggingSystem.initialize(AbstractLoggingSystem.java:60)\n\tat org.springframework.boot.logging.logback.LogbackLoggingSystem.initialize(LogbackLoggingSystem.java:117)\n\tat org.springframework.boot.context.logging.LoggingApplicationListener.initializeSystem(LoggingApplicationListener.java:293)\n\tat org.springframework.boot.context.logging.LoggingApplicationListener.initialize(LoggingApplicationListener.java:266)\n\tat org.springframework.boot.context.logging.LoggingApplicationListener.onApplicationEnvironmentPreparedEvent(LoggingApplicationListener.java:229)\n\tat org.springframework.boot.context.logging.LoggingApplicationListener.onApplicationEvent(LoggingApplicationListener.java:202)\n\tat org.springframework.context.event.SimpleApplicationEventMulticaster.doInvokeListener(SimpleApplicationEventMulticaster.java:172)\n\tat org.springframework.context.event.SimpleApplicationEventMulticaster.invokeListener(SimpleApplicationEventMulticaster.java:165)\n\tat org.springframework.context.event.SimpleApplicationEventMulticaster.multicastEvent(SimpleApplicationEventMulticaster.java:139)\n\tat org.springframework.context.event.SimpleApplicationEventMulticaster.multicastEvent(SimpleApplicationEventMulticaster.java:127)\n\tat org.springframework.boot.context.event.EventPublishingRunListener.environmentPrepared(EventPublishingRunListener.java:75)\n\tat org.springframework.boot.SpringApplicationRunListeners.environmentPrepared(SpringApplicationRunListeners.java:54)\n\tat org.springframework.boot.SpringApplication.prepareEnvironment(SpringApplication.java:347)\n\tat org.springframework.boot.SpringApplication.run(SpringApplication.java:306)\n\tat org.springframework.boot.SpringApplication.run(SpringApplication.java:1260)\n\tat org.springframework.boot.SpringApplication.run(SpringApplication.java:1248)\n\tat com.example.sbvue.SBVueApplication.main(SBVueApplication.java:58)\n"}
{"@timestamp":"2019-02-19T15:06:31.493+09:00","@version":"1","message":"Application run failed","logger_name":"org.springframework.boot.SpringApplication","thread_name":"main","level":"ERROR","level_value":40000,"stack_trace":"java.lang.IllegalStateException: Logback configuration error detected: \nERROR in ch.qos.logback.core.joran.action.NestedComplexPropertyIA - Could not find an appropriate class for property [jsonGeneratorDecorator]\nERROR in ch.qos.logback.core.joran.action.NestedComplexPropertyIA - Could not find an appropriate class for property [jsonFactoryDecorator]\n\tat org.springframework.boot.logging.logback.LogbackLoggingSystem.loadConfiguration(LogbackLoggingSystem.java:169)\n\tat org.springframework.boot.logging.AbstractLoggingSystem.initializeWithConventions(AbstractLoggingSystem.java:82)\n\tat org.springframework.boot.logging.AbstractLoggingSystem.initialize(AbstractLoggingSystem.java:60)\n\tat org.springframework.boot.logging.logback.LogbackLoggingSystem.initialize(LogbackLoggingSystem.java:117)\n\tat org.springframework.boot.context.logging.LoggingApplicationListener.initializeSystem(LoggingApplicationListener.java:293)\n\tat org.springframework.boot.context.logging.LoggingApplicationListener.initialize(LoggingApplicationListener.java:266)\n\tat org.springframework.boot.context.logging.LoggingApplicationListener.onApplicationEnvironmentPreparedEvent(LoggingApplicationListener.java:229)\n\tat org.springframework.boot.context.logging.LoggingApplicationListener.onApplicationEvent(LoggingApplicationListener.java:202)\n\tat org.springframework.context.event.SimpleApplicationEventMulticaster.doInvokeListener(SimpleApplicationEventMulticaster.java:172)\n\tat org.springframework.context.event.SimpleApplicationEventMulticaster.invokeListener(SimpleApplicationEventMulticaster.java:165)\n\tat org.springframework.context.event.SimpleApplicationEventMulticaster.multicastEvent(SimpleApplicationEventMulticaster.java:139)\n\tat org.springframework.context.event.SimpleApplicationEventMulticaster.multicastEvent(SimpleApplicationEventMulticaster.java:127)\n\tat org.springframework.boot.context.event.EventPublishingRunListener.environmentPrepared(EventPublishingRunListener.java:75)\n\tat org.springframework.boot.SpringApplicationRunListeners.environmentPrepared(SpringApplicationRunListeners.java:54)\n\tat org.springframework.boot.SpringApplication.prepareEnvironment(SpringApplication.java:347)\n\tat org.springframework.boot.SpringApplication.run(SpringApplication.java:306)\n\tat org.springframework.boot.SpringApplication.run(SpringApplication.java:1260)\n\tat org.springframework.boot.SpringApplication.run(SpringApplication.java:1248)\n\tat com.example.sbvue.SBVueApplication.main(SBVueApplication.java:58)\n"}
{"@timestamp":"2019-02-19T15:09:16.192+09:00","@version":"1","message":"Application run failed","logger_name":"org.springframework.boot.SpringApplication","thread_name":"main","level":"ERROR","level_value":40000,"stack_trace":"java.lang.IllegalStateException: Logback configuration error detected: \nERROR in ch.qos.logback.core.joran.action.NestedComplexPropertyIA - Could not create component [jsonGeneratorDecorator] of type [myJsonGeneratorDecorator] java.lang.ClassNotFoundException: myJsonGeneratorDecorator\nERROR in ch.qos.logback.core.joran.action.NestedComplexPropertyIA - Could not create component [jsonFactoryDecorator] of type [myJsonFactoryDecorator] java.lang.ClassNotFoundException: myJsonFactoryDecorator\n\tat org.springframework.boot.logging.logback.LogbackLoggingSystem.loadConfiguration(LogbackLoggingSystem.java:169)\n\tat org.springframework.boot.logging.AbstractLoggingSystem.initializeWithConventions(AbstractLoggingSystem.java:82)\n\tat org.springframework.boot.logging.AbstractLoggingSystem.initialize(AbstractLoggingSystem.java:60)\n\tat org.springframework.boot.logging.logback.LogbackLoggingSystem.initialize(LogbackLoggingSystem.java:117)\n\tat org.springframework.boot.context.logging.LoggingApplicationListener.initializeSystem(LoggingApplicationListener.java:293)\n\tat org.springframework.boot.context.logging.LoggingApplicationListener.initialize(LoggingApplicationListener.java:266)\n\tat org.springframework.boot.context.logging.LoggingApplicationListener.onApplicationEnvironmentPreparedEvent(LoggingApplicationListener.java:229)\n\tat org.springframework.boot.context.logging.LoggingApplicationListener.onApplicationEvent(LoggingApplicationListener.java:202)\n\tat org.springframework.context.event.SimpleApplicationEventMulticaster.doInvokeListener(SimpleApplicationEventMulticaster.java:172)\n\tat org.springframework.context.event.SimpleApplicationEventMulticaster.invokeListener(SimpleApplicationEventMulticaster.java:165)\n\tat org.springframework.context.event.SimpleApplicationEventMulticaster.multicastEvent(SimpleApplicationEventMulticaster.java:139)\n\tat org.springframework.context.event.SimpleApplicationEventMulticaster.multicastEvent(SimpleApplicationEventMulticaster.java:127)\n\tat org.springframework.boot.context.event.EventPublishingRunListener.environmentPrepared(EventPublishingRunListener.java:75)\n\tat org.springframework.boot.SpringApplicationRunListeners.environmentPrepared(SpringApplicationRunListeners.java:54)\n\tat org.springframework.boot.SpringApplication.prepareEnvironment(SpringApplication.java:347)\n\tat org.springframework.boot.SpringApplication.run(SpringApplication.java:306)\n\tat org.springframework.boot.SpringApplication.run(SpringApplication.java:1260)\n\tat org.springframework.boot.SpringApplication.run(SpringApplication.java:1248)\n\tat com.example.sbvue.SBVueApplication.main(SBVueApplication.java:58)\n"}
{"@timestamp":"2019-02-19T15:30:58.729+09:00","@version":"1","message":"Application run failed","logger_name":"org.springframework.boot.SpringApplication","thread_name":"main","level":"ERROR","level_value":40000,"stack_trace":"java.lang.IllegalStateException: Logback configuration error detected: \nERROR in ch.qos.logback.core.joran.action.NestedComplexPropertyIA - Could not create component [jsonGeneratorDecorator] of type [PrettyPrintingDecorator] java.lang.ClassNotFoundException: PrettyPrintingDecorator\nERROR in ch.qos.logback.core.joran.action.NestedComplexPropertyIA - Could not create component [jsonFactoryDecorator] of type [ISO8601DateDecorator] java.lang.ClassNotFoundException: ISO8601DateDecorator\n\tat org.springframework.boot.logging.logback.LogbackLoggingSystem.loadConfiguration(LogbackLoggingSystem.java:169)\n\tat org.springframework.boot.logging.AbstractLoggingSystem.initializeWithConventions(AbstractLoggingSystem.java:82)\n\tat org.springframework.boot.logging.AbstractLoggingSystem.initialize(AbstractLoggingSystem.java:60)\n\tat org.springframework.boot.logging.logback.LogbackLoggingSystem.initialize(LogbackLoggingSystem.java:117)\n\tat org.springframework.boot.context.logging.LoggingApplicationListener.initializeSystem(LoggingApplicationListener.java:293)\n\tat org.springframework.boot.context.logging.LoggingApplicationListener.initialize(LoggingApplicationListener.java:266)\n\tat org.springframework.boot.context.logging.LoggingApplicationListener.onApplicationEnvironmentPreparedEvent(LoggingApplicationListener.java:229)\n\tat org.springframework.boot.context.logging.LoggingApplicationListener.onApplicationEvent(LoggingApplicationListener.java:202)\n\tat org.springframework.context.event.SimpleApplicationEventMulticaster.doInvokeListener(SimpleApplicationEventMulticaster.java:172)\n\tat org.springframework.context.event.SimpleApplicationEventMulticaster.invokeListener(SimpleApplicationEventMulticaster.java:165)\n\tat org.springframework.context.event.SimpleApplicationEventMulticaster.multicastEvent(SimpleApplicationEventMulticaster.java:139)\n\tat org.springframework.context.event.SimpleApplicationEventMulticaster.multicastEvent(SimpleApplicationEventMulticaster.java:127)\n\tat org.springframework.boot.context.event.EventPublishingRunListener.environmentPrepared(EventPublishingRunListener.java:75)\n\tat org.springframework.boot.SpringApplicationRunListeners.environmentPrepared(SpringApplicationRunListeners.java:54)\n\tat org.springframework.boot.SpringApplication.prepareEnvironment(SpringApplication.java:347)\n\tat org.springframework.boot.SpringApplication.run(SpringApplication.java:306)\n\tat org.springframework.boot.SpringApplication.run(SpringApplication.java:1260)\n\tat org.springframework.boot.SpringApplication.run(SpringApplication.java:1248)\n\tat com.example.sbvue.SBVueApplication.main(SBVueApplication.java:63)\n"}
{
  "@timestamp" : "2019-02-19T15:33:01.088+09:00",
  "@version" : "1",
  "message" : "Starting SBVueApplication on wolfeyesui-MacBook-Pro.local with PID 12549 (/Users/heehun.kang/Projects/example-projects/sbtest04/target/classes started by heehun.kang in /Users/heehun.kang/Projects/example-projects/sbtest04)",
  "logger_name" : "com.example.sbvue.SBVueApplication",
  "thread_name" : "main",
  "level" : "INFO",
  "level_value" : 20000
}
{
  "@timestamp" : "2019-02-19T15:33:01.096+09:00",
  "@version" : "1",
  "message" : "No active profile set, falling back to default profiles: default",
  "logger_name" : "com.example.sbvue.SBVueApplication",
  "thread_name" : "main",
  "level" : "INFO",
  "level_value" : 20000
}
{
  "@timestamp" : "2019-02-19T15:33:01.696+09:00",
  "@version" : "1",
  "message" : "Bootstrapping Spring Data repositories in DEFAULT mode.",
  "logger_name" : "org.springframework.data.repository.config.RepositoryConfigurationDelegate",
  "thread_name" : "main",
  "level" : "INFO",
  "level_value" : 20000
}
{
  "@timestamp" : "2019-02-19T15:33:01.762+09:00",
  "@version" : "1",
  "message" : "Finished Spring Data repository scanning in 56ms. Found 1 repository interfaces.",
  "logger_name" : "org.springframework.data.repository.config.RepositoryConfigurationDelegate",
  "thread_name" : "main",
  "level" : "INFO",
  "level_value" : 20000
}
{
  "@timestamp" : "2019-02-19T15:33:02.032+09:00",
  "@version" : "1",
  "message" : "Bean 'org.springframework.transaction.annotation.ProxyTransactionManagementConfiguration' of type [org.springframework.transaction.annotation.ProxyTransactionManagementConfiguration$$EnhancerBySpringCGLIB$$2c6679b0] is not eligible for getting processed by all BeanPostProcessors (for example: not eligible for auto-proxying)",
  "logger_name" : "org.springframework.context.support.PostProcessorRegistrationDelegate$BeanPostProcessorChecker",
  "thread_name" : "main",
  "level" : "INFO",
  "level_value" : 20000
}
{
  "@timestamp" : "2019-02-19T15:33:02.423+09:00",
  "@version" : "1",
  "message" : "Tomcat initialized with port(s): 8080 (http)",
  "logger_name" : "org.springframework.boot.web.embedded.tomcat.TomcatWebServer",
  "thread_name" : "main",
  "level" : "INFO",
  "level_value" : 20000
}
{
  "@timestamp" : "2019-02-19T15:33:02.435+09:00",
  "@version" : "1",
  "message" : "Initializing ProtocolHandler [\"http-nio-8080\"]",
  "logger_name" : "org.apache.coyote.http11.Http11NioProtocol",
  "thread_name" : "main",
  "level" : "INFO",
  "level_value" : 20000
}
{
  "@timestamp" : "2019-02-19T15:33:02.444+09:00",
  "@version" : "1",
  "message" : "Starting service [Tomcat]",
  "logger_name" : "org.apache.catalina.core.StandardService",
  "thread_name" : "main",
  "level" : "INFO",
  "level_value" : 20000
}
{
  "@timestamp" : "2019-02-19T15:33:02.445+09:00",
  "@version" : "1",
  "message" : "Starting Servlet engine: [Apache Tomcat/9.0.14]",
  "logger_name" : "org.apache.catalina.core.StandardEngine",
  "thread_name" : "main",
  "level" : "INFO",
  "level_value" : 20000
}
{
  "@timestamp" : "2019-02-19T15:33:02.451+09:00",
  "@version" : "1",
  "message" : "The APR based Apache Tomcat Native library which allows optimal performance in production environments was not found on the java.library.path: [/Users/heehun.kang/Library/Java/Extensions:/Library/Java/Extensions:/Network/Library/Java/Extensions:/System/Library/Java/Extensions:/usr/lib/java:.]",
  "logger_name" : "org.apache.catalina.core.AprLifecycleListener",
  "thread_name" : "main",
  "level" : "INFO",
  "level_value" : 20000
}
{
  "@timestamp" : "2019-02-19T15:33:02.532+09:00",
  "@version" : "1",
  "message" : "Initializing Spring embedded WebApplicationContext",
  "logger_name" : "org.apache.catalina.core.ContainerBase.[Tomcat].[localhost].[/]",
  "thread_name" : "main",
  "level" : "INFO",
  "level_value" : 20000
}
{
  "@timestamp" : "2019-02-19T15:33:02.532+09:00",
  "@version" : "1",
  "message" : "Root WebApplicationContext: initialization completed in 1405 ms",
  "logger_name" : "org.springframework.web.context.ContextLoader",
  "thread_name" : "main",
  "level" : "INFO",
  "level_value" : 20000
}
{
  "@timestamp" : "2019-02-19T15:33:02.695+09:00",
  "@version" : "1",
  "message" : "HikariPool-1 - Starting...",
  "logger_name" : "com.zaxxer.hikari.HikariDataSource",
  "thread_name" : "main",
  "level" : "INFO",
  "level_value" : 20000
}
{
  "@timestamp" : "2019-02-19T15:33:02.882+09:00",
  "@version" : "1",
  "message" : "HikariPool-1 - Start completed.",
  "logger_name" : "com.zaxxer.hikari.HikariDataSource",
  "thread_name" : "main",
  "level" : "INFO",
  "level_value" : 20000
}
{
  "@timestamp" : "2019-02-19T15:33:02.936+09:00",
  "@version" : "1",
  "message" : "HHH000204: Processing PersistenceUnitInfo [\n\tname: default\n\t...]",
  "logger_name" : "org.hibernate.jpa.internal.util.LogHelper",
  "thread_name" : "main",
  "level" : "INFO",
  "level_value" : 20000
}
{
  "@timestamp" : "2019-02-19T15:33:03.012+09:00",
  "@version" : "1",
  "message" : "HHH000412: Hibernate Core {5.3.7.Final}",
  "logger_name" : "org.hibernate.Version",
  "thread_name" : "main",
  "level" : "INFO",
  "level_value" : 20000
}
{
  "@timestamp" : "2019-02-19T15:33:03.014+09:00",
  "@version" : "1",
  "message" : "HHH000206: hibernate.properties not found",
  "logger_name" : "org.hibernate.cfg.Environment",
  "thread_name" : "main",
  "level" : "INFO",
  "level_value" : 20000
}
{
  "@timestamp" : "2019-02-19T15:33:03.135+09:00",
  "@version" : "1",
  "message" : "HCANN000001: Hibernate Commons Annotations {5.0.4.Final}",
  "logger_name" : "org.hibernate.annotations.common.Version",
  "thread_name" : "main",
  "level" : "INFO",
  "level_value" : 20000
}
{
  "@timestamp" : "2019-02-19T15:33:03.236+09:00",
  "@version" : "1",
  "message" : "HHH000400: Using dialect: org.hibernate.dialect.H2Dialect",
  "logger_name" : "org.hibernate.dialect.Dialect",
  "thread_name" : "main",
  "level" : "INFO",
  "level_value" : 20000
}
{
  "@timestamp" : "2019-02-19T15:33:03.716+09:00",
  "@version" : "1",
  "message" : "HHH000476: Executing import script 'org.hibernate.tool.schema.internal.exec.ScriptSourceInputNonExistentImpl@260e3837'",
  "logger_name" : "org.hibernate.tool.schema.internal.SchemaCreatorImpl",
  "thread_name" : "main",
  "level" : "INFO",
  "level_value" : 20000
}
{
  "@timestamp" : "2019-02-19T15:33:03.719+09:00",
  "@version" : "1",
  "message" : "Initialized JPA EntityManagerFactory for persistence unit 'default'",
  "logger_name" : "org.springframework.orm.jpa.LocalContainerEntityManagerFactoryBean",
  "thread_name" : "main",
  "level" : "INFO",
  "level_value" : 20000
}
{
  "@timestamp" : "2019-02-19T15:33:04.313+09:00",
  "@version" : "1",
  "message" : "Initializing ExecutorService 'applicationTaskExecutor'",
  "logger_name" : "org.springframework.scheduling.concurrent.ThreadPoolTaskExecutor",
  "thread_name" : "main",
  "level" : "INFO",
  "level_value" : 20000
}
{
  "@timestamp" : "2019-02-19T15:33:04.366+09:00",
  "@version" : "1",
  "message" : "spring.jpa.open-in-view is enabled by default. Therefore, database queries may be performed during view rendering. Explicitly configure spring.jpa.open-in-view to disable this warning",
  "logger_name" : "org.springframework.boot.autoconfigure.orm.jpa.JpaBaseConfiguration$JpaWebConfiguration$JpaWebMvcConfiguration",
  "thread_name" : "main",
  "level" : "WARN",
  "level_value" : 30000
}
{
  "@timestamp" : "2019-02-19T15:33:04.459+09:00",
  "@version" : "1",
  "message" : "Adding welcome page: class path resource [static/index.html]",
  "logger_name" : "org.springframework.boot.autoconfigure.web.servlet.WelcomePageHandlerMapping",
  "thread_name" : "main",
  "level" : "INFO",
  "level_value" : 20000
}
{
  "@timestamp" : "2019-02-19T15:33:04.585+09:00",
  "@version" : "1",
  "message" : "Starting ProtocolHandler [\"http-nio-8080\"]",
  "logger_name" : "org.apache.coyote.http11.Http11NioProtocol",
  "thread_name" : "main",
  "level" : "INFO",
  "level_value" : 20000
}
{
  "@timestamp" : "2019-02-19T15:33:04.619+09:00",
  "@version" : "1",
  "message" : "Tomcat started on port(s): 8080 (http) with context path ''",
  "logger_name" : "org.springframework.boot.web.embedded.tomcat.TomcatWebServer",
  "thread_name" : "main",
  "level" : "INFO",
  "level_value" : 20000
}
{
  "@timestamp" : "2019-02-19T15:33:04.622+09:00",
  "@version" : "1",
  "message" : "Started SBVueApplication in 3.953 seconds (JVM running for 4.343)",
  "logger_name" : "com.example.sbvue.SBVueApplication",
  "thread_name" : "main",
  "level" : "INFO",
  "level_value" : 20000
}
{
  "@timestamp" : "2019-02-19T15:45:57.702+09:00",
  "@version" : "1",
  "message" : "Shutting down ExecutorService 'applicationTaskExecutor'",
  "logger_name" : "org.springframework.scheduling.concurrent.ThreadPoolTaskExecutor",
  "thread_name" : "Thread-10",
  "level" : "INFO",
  "level_value" : 20000
}
{
  "@timestamp" : "2019-02-19T15:45:57.706+09:00",
  "@version" : "1",
  "message" : "Closing JPA EntityManagerFactory for persistence unit 'default'",
  "logger_name" : "org.springframework.orm.jpa.LocalContainerEntityManagerFactoryBean",
  "thread_name" : "Thread-10",
  "level" : "INFO",
  "level_value" : 20000
}
{
  "@timestamp" : "2019-02-19T15:45:57.707+09:00",
  "@version" : "1",
  "message" : "HHH000477: Starting delayed evictData of schema as part of SessionFactory shut-down'",
  "logger_name" : "org.hibernate.tool.schema.internal.SchemaDropperImpl$DelayedDropActionImpl",
  "thread_name" : "Thread-10",
  "level" : "INFO",
  "level_value" : 20000
}
{
  "@timestamp" : "2019-02-19T15:45:57.722+09:00",
  "@version" : "1",
  "message" : "HikariPool-1 - Shutdown initiated...",
  "logger_name" : "com.zaxxer.hikari.HikariDataSource",
  "thread_name" : "Thread-10",
  "level" : "INFO",
  "level_value" : 20000
}
{
  "@timestamp" : "2019-02-19T15:45:57.725+09:00",
  "@version" : "1",
  "message" : "HikariPool-1 - Shutdown completed.",
  "logger_name" : "com.zaxxer.hikari.HikariDataSource",
  "thread_name" : "Thread-10",
  "level" : "INFO",
  "level_value" : 20000
}
